site,group,global_mean,k5_mean,delta_k5_minus_global
R175,hotspot,3.7971295808490956e-05,0.005653412718521922,0.005615441422713431
G245,hotspot,3.675096913387901e-05,0.0053603147205553555,0.005323563751421476
P151,comparison_dbd,1.572307787443462e-05,0.003984626970793072,0.003968903892918637
R248,hotspot,4.4471339175575655e-05,0.0038709828728123717,0.003826511533636796
C176,structural,1.8267255080373663e-05,0.003630145599967555,0.003611878344887181
H179,structural,1.748925761172646e-05,0.003302508278896934,0.0032850190212852077
R282,structural,2.9385089874267578e-05,0.003232842997500771,0.0032034579076265033
V157,comparison_dbd,2.933803357576069e-05,0.0027611851692199707,0.00273184713564421
R249,structural,4.078212537263569e-05,0.0027196156351189864,0.002678833509746351
Y220,hotspot,1.758650729530736e-05,0.0019091555946751644,0.001891569087379857
T125,comparison_dbd,1.3166352322227076e-05,0.0018223900544015986,0.0018092237020793714
A138,comparison_dbd,1.3382811295358757e-05,0.0014863202446385433,0.0014729374333431846
